{
  "heart": {
    "accuracy": 0.8476,
    "precision": 0.8400,
    "recall": 0.83,
    "f1_score": 0.84989898989899,
    "auc": 0.8588
  },
  "diabetes": {
    "accuracy": 0.81,
    "precision": 0.7719298245614035,
    "recall": 0.88,
    "f1_score": 0.822429906542056,
    "auc": 0.8865999999999999,
    "cv_mean": 0.8125,
    "cv_std": 0.037707757822495885
  }
}
